observation_time,temp_c
2018-07-01 00:00:35.153040,26.3
2018-07-01 00:55:10.153041,25.8
2018-07-01 01:55:20.153041,25.4
2018-07-01 02:55:16.153041,24.9
2018-07-01 03:55:10.153042,24.4
2018-07-01 04:55:12.153042,24.4
2018-07-01 05:55:03.153042,25.1
2018-07-01 06:55:16.153043,25.2
2018-07-01 07:55:01.153043,26.6
2018-07-01 08:55:06.153044,27.7
2018-07-01 09:55:11.153044,29.4
2018-07-01 10:55:11.153044,29.8
2018-07-01 11:55:04.153045,31.8
2018-07-01 12:55:10.153045,33.1
2018-07-01 13:55:11.153045,32.5
2018-07-01 14:55:03.153046,32
2018-07-01 15:55:11.153046,31.6
2018-07-01 16:55:16.153046,31.4
2018-07-01 17:55:11.153047,30.9
2018-07-01 18:55:16.153047,30.4
2018-07-01 19:55:05.153047,29.6
2018-07-01 20:55:04.153048,28.9
2018-07-01 21:55:14.153048,27.7
2018-07-01 22:55:07.153049,27
2018-07-01 23:55:10.153049,26.3
2018-07-02 00:55:08.153049,25.6
2018-07-02 01:55:15.153050,24.9
2018-07-02 02:55:04.153050,24.5
2018-07-02 03:55:12.153050,23.4
2018-07-02 04:55:14.153051,22.9
2018-07-02 05:55:05.153051,22.3
2018-07-02 06:55:16.153051,23
2018-07-02 07:55:04.153052,24.8
2018-07-02 08:55:03.153052,26.3
2018-07-02 09:55:03.153053,23.2
2018-07-02 10:55:07.153053,26
2018-07-02 11:55:02.153053,26.9
2018-07-02 12:55:07.153054,28.9
2018-07-02 13:55:14.153054,29.7
2018-07-02 14:55:15.153054,30.2
2018-07-02 15:55:04.153055,30.7
2018-07-02 16:55:07.153055,28.9
2018-07-02 17:55:19.153055,29.2
2018-07-02 18:55:12.153056,28.3
2018-07-02 19:55:15.153056,27.4
2018-07-02 20:55:17.153056,26.9
2018-07-02 21:55:14.153057,26
2018-07-02 22:55:20.153057,25.2
2018-07-02 23:55:03.153058,24.6
2018-07-03 00:55:08.153058,23.4
2018-07-03 01:55:07.153058,22.6
2018-07-03 03:00:22.153059,21.9
2018-07-03 03:55:12.153059,21.5
2018-07-03 04:55:21.153059,21.6
2018-07-03 05:55:16.153060,22.1
2018-07-03 06:55:12.153060,22.9
2018-07-03 07:55:07.153060,23.8
2018-07-03 08:55:13.153061,25.6
2018-07-03 09:55:20.153061,26.9
2018-07-03 10:55:13.153062,27.5
2018-07-03 11:55:17.153062,28.3
2018-07-03 12:55:10.153062,28.9
2018-07-03 13:55:05.153063,29
2018-07-03 14:55:05.153063,29.8
2018-07-03 15:55:15.153063,30.3
2018-07-03 16:55:05.153064,29.9
2018-07-03 17:55:03.153064,30.1
2018-07-03 18:55:06.153064,29.4
2018-07-03 19:55:12.153065,28.2
2018-07-03 20:55:13.153065,26.6
2018-07-03 21:55:21.153065,25.2
2018-07-03 22:55:04.153066,24.5
2018-07-03 23:55:02.153066,23.6
2018-07-04 00:55:02.153067,23.1
2018-07-04 01:55:12.153067,22.6
2018-07-04 02:55:14.153067,22.3
2018-07-04 03:55:20.153068,21.6
2018-07-04 05:00:37.153068,21.3
2018-07-04 05:55:21.153068,22.1
2018-07-04 06:55:18.153069,22.6
2018-07-04 07:55:07.153069,23.8
2018-07-04 08:55:18.153069,24.7
2018-07-04 09:55:04.153070,26.3
2018-07-04 10:55:20.153070,26.5
2018-07-04 11:55:10.153071,27.9
2018-07-04 12:55:02.153071,27.8
2018-07-04 13:55:05.153071,28.6
2018-07-04 14:55:12.153072,28.9
2018-07-04 15:55:09.153072,29.5
2018-07-04 16:55:12.153072,30.1
2018-07-04 18:00:28.153073,29.2
2018-07-04 18:55:09.153073,28.6
2018-07-04 19:55:16.153073,25.9
2018-07-04 21:00:29.153074,24.7
2018-07-04 21:55:12.153074,24.6
2018-07-04 22:55:07.153074,23.7
2018-07-04 23:55:01.153075,23.3
2018-07-05 00:55:12.153075,22.5
2018-07-05 01:55:18.153076,22.2
2018-07-05 02:55:15.153076,21.6
2018-07-05 03:55:02.153076,21.4
2018-07-05 04:55:13.153077,21.2
2018-07-05 05:55:09.153077,20.9
2018-07-05 06:55:19.153077,20.8
2018-07-05 07:55:07.153078,21.3
2018-07-05 08:55:08.153078,22.4
2018-07-05 09:55:16.153078,23.7
2018-07-05 10:55:13.153079,24.7
2018-07-05 11:55:07.153079,25.2
2018-07-05 12:55:14.153080,25.6
2018-07-05 13:55:19.153080,26.1
2018-07-05 14:55:20.153080,25.9
2018-07-05 15:55:04.153081,26.7
2018-07-05 17:00:32.153081,24.4
2018-07-05 17:55:07.153081,23.8
2018-07-05 18:55:09.153082,25.1
2018-07-05 19:55:02.153082,25.2
2018-07-05 20:55:16.153082,23.9
2018-07-05 21:55:13.153083,22.9
2018-07-05 23:00:24.153083,21.8
2018-07-06 00:00:32.153084,21.1
2018-07-06 00:55:10.153084,20.4
2018-07-06 01:55:03.153084,19.7
2018-07-06 02:55:03.153085,19.2
2018-07-06 03:55:03.153085,19
2018-07-06 05:00:30.153085,18.7
2018-07-06 05:55:06.153086,19.4
2018-07-06 06:55:11.153086,20.4
2018-07-06 07:55:10.153086,22.2
2018-07-06 08:55:11.153087,23.8
2018-07-06 09:55:04.153087,24.8
2018-07-06 11:00:39.153087,26.4
2018-07-06 11:55:16.153088,26.9
2018-07-06 12:55:18.153088,27.8
2018-07-06 13:55:20.153089,27.7
2018-07-06 14:55:07.153089,29.2
2018-07-06 15:55:08.153089,29.3
2018-07-06 16:55:16.153090,
2018-07-06 17:55:17.153090,
2018-07-06 18:55:20.153090,
2018-07-06 19:55:01.153091,27.6
2018-07-06 20:55:14.153091,27.1
2018-07-06 21:55:05.153091,25.7
2018-07-06 22:55:14.153092,24.7
2018-07-06 23:55:15.153092,24.2
2018-07-07 00:55:07.153092,23.8
2018-07-07 01:55:20.153093,23.2
2018-07-07 02:55:04.153093,22.6
2018-07-07 04:00:19.153094,21.4
2018-07-07 04:55:20.153094,21.8
2018-07-07 05:55:07.153094,21.9
2018-07-07 06:55:15.153095,23.5
2018-07-07 07:55:10.153095,25.3
2018-07-07 08:55:12.153095,26.6
2018-07-07 09:55:04.153096,27.2
2018-07-07 10:55:11.153096,28.6
2018-07-07 11:55:07.153096,28.9
2018-07-07 12:55:07.153097,29.4
2018-07-07 13:55:15.153097,29.3
2018-07-07 14:55:18.153098,29.5
2018-07-07 15:55:07.153098,30.3
2018-07-07 16:55:18.153098,30.2
2018-07-07 17:55:10.153099,29.4
2018-07-07 18:55:07.153099,29.2
2018-07-07 19:55:13.153099,28.6
2018-07-07 20:55:03.153100,27.9
2018-07-07 21:55:19.153100,27.2
2018-07-07 22:55:01.153100,26.4
2018-07-07 23:55:15.153101,26
2018-07-08 00:55:02.153101,25.6
2018-07-08 01:55:05.153101,25.2
2018-07-08 02:55:04.153102,24.1
2018-07-08 03:55:16.153102,22.8
2018-07-08 04:55:09.153103,22.6
2018-07-08 05:55:21.153103,22.6
2018-07-08 06:55:06.153103,23.9
2018-07-08 07:55:07.153104,25.3
2018-07-08 08:55:03.153104,27.2
2018-07-08 09:55:08.153104,27.8
2018-07-08 10:55:05.153105,29.3
2018-07-08 11:55:13.153105,28.9
2018-07-08 12:55:02.153105,28.8
2018-07-08 13:55:17.153106,29.3
2018-07-08 14:55:10.153106,29.2
2018-07-08 15:55:17.153107,29.7
2018-07-08 16:55:03.153107,29.9
2018-07-08 17:55:02.153107,28.9
2018-07-08 18:55:02.153108,27.9
2018-07-08 19:55:02.153108,27.1
2018-07-08 20:55:19.153108,26
2018-07-08 21:55:19.153109,24.8
2018-07-08 22:55:12.153109,23.5
2018-07-08 23:55:04.153109,22.3
2018-07-09 00:55:09.153110,21.1
2018-07-09 01:55:14.153110,20.3
2018-07-09 02:55:04.153110,19.8
2018-07-09 03:55:11.153111,19.1
2018-07-09 04:55:03.153111,18.7
2018-07-09 05:55:08.153112,19.1
2018-07-09 06:55:01.153112,20.3
2018-07-09 07:55:20.153112,21.3
2018-07-09 08:55:17.153113,22.5
2018-07-09 09:55:06.153113,23.3
2018-07-09 10:55:13.153113,23.8
2018-07-09 11:55:15.153114,25.1
2018-07-09 12:55:06.153114,25.4
2018-07-09 13:55:11.153114,26.1
2018-07-09 14:55:18.153115,25.7
2018-07-09 15:55:16.153115,25.9
2018-07-09 16:55:03.153116,26
2018-07-09 17:55:21.153116,25.8
2018-07-09 18:55:20.153116,25.2
2018-07-09 19:55:12.153117,24.7
2018-07-09 20:55:11.153117,23.8
2018-07-09 21:55:07.153117,23.2
2018-07-09 22:55:04.153118,22.7
2018-07-09 23:55:17.153118,21.7
2018-07-10 00:55:07.153118,20.6
2018-07-10 01:55:07.153119,19.6
2018-07-10 02:55:14.153119,18.8
2018-07-10 03:55:02.153119,18.4
2018-07-10 04:55:01.153120,18.4
2018-07-10 05:55:17.153120,17.4
2018-07-10 06:55:07.153121,17.2
2018-07-10 07:55:16.153121,17.6
2018-07-10 08:55:08.153121,18.9
2018-07-10 09:55:16.153122,19.7
2018-07-10 10:55:16.153122,20.6
2018-07-10 11:55:12.153122,20.8
2018-07-10 12:55:01.153123,21.1
2018-07-10 13:55:02.153123,21.5
2018-07-10 14:55:10.153123,21.3
2018-07-10 15:55:19.153124,20.8
2018-07-10 16:55:15.153124,21.2
2018-07-10 17:55:16.153125,20.5
2018-07-10 18:55:09.153125,20
2018-07-10 19:55:05.153125,19.2
2018-07-10 20:55:07.153126,18.6
2018-07-10 21:55:12.153126,17.7
2018-07-10 22:55:11.153126,17
2018-07-10 23:55:13.153127,16.7
2018-07-11 00:55:05.153127,16.6
2018-07-11 01:55:20.153127,16.3
2018-07-11 03:00:01.153128,16
2018-07-11 04:00:28.153128,15.9
2018-07-11 04:55:21.153128,16.1
2018-07-11 05:55:04.153129,16.3
2018-07-11 06:55:13.153129,16.8
2018-07-11 07:55:07.153130,17.9
2018-07-11 08:55:11.153130,18.7
2018-07-11 09:55:16.153130,19.2
2018-07-11 10:55:11.153131,20.6
2018-07-11 11:55:04.153131,19.5
2018-07-11 13:00:25.153131,21.2
2018-07-11 13:55:14.153132,20.6
2018-07-11 14:55:03.153132,20.9
2018-07-11 15:55:14.153132,21.7
2018-07-11 16:55:08.153133,22.1
2018-07-11 17:55:04.153133,21.7
2018-07-11 18:55:04.153134,21.8
2018-07-11 19:55:02.153134,21.1
2018-07-11 21:00:21.153134,20.6
2018-07-11 21:55:17.153135,20
2018-07-11 22:55:09.153135,19.2
2018-07-11 23:55:06.153135,18.6
2018-07-12 00:55:21.153136,18.1
2018-07-12 01:55:05.153136,17.4
2018-07-12 02:55:06.153136,16.8
2018-07-12 04:00:25.153137,16.3
2018-07-12 04:55:08.153137,16.1
2018-07-12 05:55:17.153137,16.3
2018-07-12 06:55:12.153138,17.5
2018-07-12 07:55:14.153138,18.8
2018-07-12 08:55:23.153139,19.7
2018-07-12 09:55:07.153139,21.2
2018-07-12 10:55:15.153139,22
2018-07-12 11:55:03.153140,23.3
2018-07-12 12:55:02.153140,24.1
2018-07-12 13:55:17.153140,24.2
2018-07-12 14:55:10.153141,24.8
2018-07-12 15:55:18.153141,24.9
2018-07-12 16:55:15.153141,25
2018-07-12 17:55:09.153142,24.8
2018-07-12 18:55:05.153142,25
2018-07-12 19:55:11.153143,24.5
2018-07-12 20:55:10.153143,23.8
2018-07-12 22:00:20.153143,22.6
2018-07-12 22:55:03.153144,21.3
2018-07-12 23:55:04.153144,20.7
2018-07-13 00:55:17.153144,20.3
2018-07-13 01:55:12.153145,19.9
2018-07-13 02:55:17.153145,19.6
2018-07-13 04:00:21.153145,19.1
2018-07-13 04:55:18.153146,18.8
2018-07-13 05:55:05.153146,18.7
2018-07-13 06:55:08.153146,19.3
2018-07-13 07:55:16.153147,21.1
2018-07-13 09:00:24.153147,22.7
2018-07-13 10:00:26.153148,23.6
2018-07-13 10:55:13.153148,24.7
2018-07-13 11:55:19.153148,26.6
2018-07-13 12:55:11.153149,26.6
2018-07-13 13:55:06.153149,27.2
2018-07-13 14:55:13.153149,28
2018-07-13 15:55:17.153150,27.5
2018-07-13 16:55:17.153150,26.3
2018-07-13 17:55:05.153150,25.9
2018-07-13 18:55:15.153151,25.8
2018-07-13 19:55:17.153151,23.9
2018-07-13 20:55:05.153152,23.6
2018-07-13 21:55:06.153152,23.2
2018-07-13 22:55:14.153152,22.7
2018-07-14 00:00:30.153153,22.2
2018-07-14 00:55:08.153153,21.3
2018-07-14 01:55:18.153153,20.9
2018-07-14 02:55:07.153154,20.3
2018-07-14 04:00:27.153154,19.5
2018-07-14 04:55:04.153154,19.2
2018-07-14 05:55:06.153155,19.2
2018-07-14 06:55:14.153155,20
2018-07-14 07:55:01.153155,22.3
2018-07-14 08:55:15.153156,24
2018-07-14 09:55:13.153156,25.2
2018-07-14 10:55:19.153157,26.9
2018-07-14 11:55:07.153157,28
2018-07-14 12:55:20.153157,28.3
2018-07-14 14:00:20.153158,29.3
2018-07-14 14:55:04.153158,29.7
2018-07-14 16:00:18.153158,28.8
2018-07-14 16:55:09.153159,29.5
2018-07-14 18:00:29.153159,28.7
2018-07-14 18:55:01.153159,28.8
2018-07-14 19:55:10.153160,27.7
2018-07-14 20:55:07.153160,27.1
2018-07-14 22:00:22.153161,25.8
2018-07-14 23:00:06.153161,24.7
2018-07-14 23:55:04.153161,24.1
2018-07-15 00:55:16.153162,24.1
2018-07-15 01:55:15.153162,23.8
2018-07-15 03:00:25.153162,23.3
2018-07-15 03:55:16.153163,22.8
2018-07-15 04:55:15.153163,23
2018-07-15 05:55:18.153163,21.8
2018-07-15 06:55:02.153164,21.7
2018-07-15 07:55:04.153164,22.1
2018-07-15 08:55:21.153164,24.5
2018-07-15 09:55:11.153165,26.5
2018-07-15 10:55:10.153165,28.5
2018-07-15 11:55:04.153166,29
2018-07-15 12:55:12.153166,29.6
2018-07-15 13:55:05.153166,30.4
2018-07-15 14:55:17.153167,30.1
2018-07-15 15:55:09.153167,30.7
2018-07-15 16:55:17.153167,30.3
2018-07-15 17:55:12.153168,29.9
2018-07-15 18:55:02.153168,29.4
2018-07-15 19:55:20.153168,27.9
2018-07-15 20:55:09.153169,27.4
2018-07-15 21:55:02.153169,26.8
2018-07-15 22:55:19.153170,25.8
2018-07-15 23:55:10.153170,24.8
2018-07-16 00:55:13.153170,23.3
2018-07-16 02:00:25.153171,22.6
2018-07-16 03:00:32.153171,22.3
2018-07-16 03:55:12.153171,20.9
2018-07-16 04:55:04.153172,20.2
2018-07-16 05:55:02.153172,20.8
2018-07-16 06:55:15.153172,21.4
2018-07-16 07:55:23.153173,21.9
2018-07-16 08:55:20.153173,22.3
2018-07-16 09:55:02.153173,23.2
2018-07-16 10:55:20.153174,25.4
2018-07-16 11:55:10.153174,26.8
2018-07-16 12:55:18.153175,28.9
2018-07-16 13:55:17.153175,29.1
2018-07-16 14:55:08.153175,29.7
2018-07-16 16:00:18.153176,29.2
2018-07-16 16:55:01.153176,29.6
2018-07-16 17:55:04.153176,29
2018-07-16 19:00:20.153177,28.3
2018-07-16 19:55:13.153177,26.7
2018-07-16 20:55:21.153177,25.7
2018-07-16 21:55:04.153178,24.6
2018-07-16 22:55:21.153178,24
2018-07-16 23:55:07.153179,23.6
2018-07-17 00:55:05.153179,22.9
2018-07-17 01:55:07.153179,21.7
2018-07-17 02:55:12.153180,20.8
2018-07-17 04:00:35.153180,19.8
2018-07-17 04:55:09.153180,19.3
2018-07-17 05:55:02.153181,19.4
2018-07-17 06:55:03.153181,19.9
2018-07-17 07:55:07.153181,21.1
2018-07-17 08:55:02.153182,21.7
2018-07-17 10:00:34.153182,22.8
2018-07-17 10:55:17.153182,22.9
2018-07-17 11:55:03.153183,23.7
2018-07-17 12:55:08.153183,25.6
2018-07-17 13:55:11.153184,25.2
2018-07-17 14:55:14.153184,25.7
2018-07-17 15:55:10.153184,26.4
2018-07-17 16:55:15.153185,25.8
2018-07-17 17:55:16.153185,25.7
2018-07-17 18:55:18.153185,25
2018-07-17 19:55:03.153186,24.2
2018-07-17 20:55:21.153186,23.6
2018-07-17 21:55:06.153186,21.6
2018-07-17 22:55:20.153187,21
2018-07-17 23:55:03.153187,20.3
2018-07-18 00:55:12.153188,20.1
2018-07-18 01:55:12.153188,19.9
2018-07-18 02:55:16.153188,20
2018-07-18 03:55:09.153189,19.6
2018-07-18 04:55:04.153189,19.6
2018-07-18 05:55:10.153189,19.6
2018-07-18 06:55:13.153190,20.6
2018-07-18 07:55:02.153190,21.9
2018-07-18 08:55:13.153190,23.9
2018-07-18 09:55:17.153191,25.1
2018-07-18 11:00:23.153191,25.7
2018-07-18 11:55:13.153191,26.2
2018-07-18 12:55:06.153192,27.2
2018-07-18 13:55:16.153192,28.2
2018-07-18 14:55:20.153193,28.2
2018-07-18 15:55:13.153193,27.4
2018-07-18 16:55:06.153193,27.6
2018-07-18 17:55:04.153194,27.7
2018-07-18 18:55:14.153194,27
2018-07-18 19:55:16.153194,26.1
2018-07-18 20:55:13.153195,25.4
2018-07-18 21:55:16.153195,24.7
2018-07-18 23:00:31.153195,23.5
2018-07-18 23:55:20.153196,22.3
2018-07-19 00:55:12.153196,21.6
2018-07-19 01:55:18.153197,21.4
2018-07-19 02:55:04.153197,20.9
2018-07-19 03:55:07.153197,20
2018-07-19 04:55:13.153198,20.4
2018-07-19 06:00:21.153198,22.1
2018-07-19 06:55:19.153198,24
2018-07-19 07:55:21.153199,25.7
2018-07-19 08:55:14.153199,26.7
2018-07-19 10:00:22.153199,27.8
2018-07-19 11:00:27.153200,28.9
2018-07-19 11:55:06.153200,29.3
2018-07-19 12:55:03.153200,30.2
2018-07-19 14:00:20.153201,29.4
2018-07-19 14:55:16.153201,29.9
2018-07-19 15:55:07.153202,30
2018-07-19 16:55:04.153202,29.4
2018-07-19 17:55:12.153202,28.9
2018-07-19 18:55:10.153203,28.5
2018-07-19 19:55:10.153203,27.5
2018-07-19 20:55:03.153203,26.7
2018-07-19 21:55:04.153204,26.1
2018-07-19 23:00:23.153204,25.4
2018-07-20 00:00:30.153204,25.4
2018-07-20 00:55:09.153205,24.5
2018-07-20 01:55:03.153205,23.4
2018-07-20 02:55:03.153206,22.3
2018-07-20 03:55:21.153206,22.1
2018-07-20 04:55:16.153206,21.1
2018-07-20 05:55:07.153207,20.6
2018-07-20 06:55:09.153207,21.1
2018-07-20 07:55:08.153207,21.3
2018-07-20 08:55:06.153208,21.3
2018-07-20 09:55:09.153208,22.5
2018-07-20 10:55:20.153208,23.3
2018-07-20 11:55:20.153209,24.4
2018-07-20 13:00:34.153209,25.1
2018-07-20 13:55:20.153209,25.9
2018-07-20 14:55:05.153210,24
2018-07-20 15:55:15.153210,22.7
2018-07-20 16:55:19.153211,21.8
2018-07-20 17:55:16.153211,22.2
2018-07-20 18:55:02.153211,20.3
2018-07-20 19:55:02.153212,19.2
2018-07-20 20:55:05.153212,19.1
2018-07-20 22:00:33.153212,18.7
2018-07-20 22:55:13.153213,18.6
2018-07-20 23:55:17.153213,18.3
2018-07-21 00:55:06.153213,18.2
2018-07-21 01:55:07.153214,18.3
2018-07-21 02:55:14.153214,18.4
2018-07-21 03:55:03.153215,17.8
2018-07-21 04:55:07.153215,17.6
2018-07-21 05:55:12.153215,17.3
2018-07-21 06:55:10.153216,17.3
2018-07-21 07:55:11.153216,19.1
2018-07-21 08:55:18.153216,20.8
2018-07-21 10:00:18.153217,22.7
2018-07-21 10:55:17.153217,23
2018-07-21 11:55:04.153217,24.3
2018-07-21 12:55:01.153218,24.2
2018-07-21 13:55:10.153218,24.8
2018-07-21 14:55:21.153218,24.8
2018-07-21 15:55:01.153219,25.6
2018-07-21 16:55:21.153219,25
2018-07-21 17:55:11.153220,25.2
2018-07-21 18:55:06.153220,24.2
2018-07-21 20:00:26.153220,23
2018-07-21 20:55:04.153221,22.7
2018-07-21 21:55:12.153221,22.3
2018-07-21 22:55:12.153221,21.9
2018-07-21 23:55:11.153222,20.9
2018-07-22 00:55:13.153222,20.2
2018-07-22 01:55:12.153222,20
2018-07-22 02:55:04.153223,19.9
2018-07-22 03:55:01.153223,19.3
2018-07-22 04:55:01.153224,19.3
2018-07-22 05:55:16.153224,19.4
2018-07-22 06:55:09.153224,19.4
2018-07-22 07:55:16.153225,20.4
2018-07-22 08:55:15.153225,21.7
2018-07-22 09:55:18.153225,23.2
2018-07-22 10:55:13.153226,24.2
2018-07-22 11:55:11.153226,25.9
2018-07-22 12:55:19.153226,26.2
2018-07-22 13:55:04.153227,26.4
2018-07-22 14:55:14.153227,27.3
2018-07-22 15:55:17.153227,27
2018-07-22 16:55:14.153228,26.6
2018-07-22 17:55:13.153228,27.6
2018-07-22 18:55:09.153229,27.3
2018-07-22 19:55:11.153229,26.6
2018-07-22 20:55:02.153229,25.8
2018-07-22 21:55:01.153230,24.1
2018-07-22 22:55:12.153230,23.3
2018-07-22 23:55:06.153230,23.1
2018-07-23 00:55:13.153231,22.8
2018-07-23 01:55:04.153231,22.7
2018-07-23 02:55:02.153231,22.2
2018-07-23 03:55:10.153232,21.7
2018-07-23 04:55:13.153232,20.7
2018-07-23 05:55:20.153233,20.9
2018-07-23 06:55:14.153233,21.8
2018-07-23 07:55:03.153233,23.4
2018-07-23 08:55:01.153234,25.3
2018-07-23 10:00:23.153234,27.1
2018-07-23 10:55:19.153234,27.2
2018-07-23 11:55:14.153235,28.1
2018-07-23 12:55:17.153235,30.2
2018-07-23 13:55:05.153235,30.2
2018-07-23 14:55:07.153236,30.9
2018-07-23 15:55:10.153236,30.9
2018-07-23 16:55:10.153236,30.8
2018-07-23 17:55:11.153237,30.1
2018-07-23 18:55:02.153237,29.5
2018-07-23 19:55:01.153238,28.8
2018-07-23 20:55:05.153238,28.3
2018-07-23 21:55:18.153238,27.8
2018-07-23 23:00:22.153239,25.9
2018-07-24 00:00:19.153239,24.1
2018-07-24 00:55:05.153239,23.3
2018-07-24 01:55:17.153240,22.8
2018-07-24 02:55:21.153240,22.4
2018-07-24 03:55:04.153240,21.9
2018-07-24 04:55:15.153241,21.9
2018-07-24 05:55:05.153241,22.2
2018-07-24 06:55:19.153242,22.6
2018-07-24 07:55:03.153242,24.2
2018-07-24 08:55:18.153242,26.3
2018-07-24 09:55:21.153243,28.1
2018-07-24 11:00:20.153243,29.2
2018-07-24 11:55:20.153243,30.6
2018-07-24 12:55:20.153244,31.4
2018-07-24 13:55:18.153244,31.9
2018-07-24 14:55:03.153244,30.9
2018-07-24 15:55:03.153245,31.2
2018-07-24 16:55:07.153245,31.2
2018-07-24 17:55:17.153245,30.7
2018-07-24 18:55:15.153246,30.2
2018-07-24 19:55:06.153246,29.7
2018-07-24 20:55:13.153247,28.8
2018-07-24 21:55:15.153247,27.1
2018-07-24 22:55:06.153247,26.3
2018-07-25 00:00:27.153248,25.6
2018-07-25 00:55:06.153248,25.2
2018-07-25 01:55:16.153248,24.8
2018-07-25 02:55:02.153249,24.1
2018-07-25 03:55:05.153249,23.3
2018-07-25 04:55:14.153249,22.6
2018-07-25 05:55:17.153250,22.6
2018-07-25 06:55:04.153250,23.5
2018-07-25 07:55:17.153251,24.7
2018-07-25 08:55:11.153251,26.6
2018-07-25 09:55:18.153251,28
2018-07-25 10:55:05.153252,30.2
2018-07-25 11:55:03.153252,31.1
2018-07-25 12:55:05.153252,31.4
2018-07-25 13:55:03.153253,31.9
2018-07-25 14:55:02.153253,32.8
2018-07-25 15:55:16.153253,32.3
2018-07-25 16:55:06.153254,32.8
2018-07-25 17:55:02.153254,32.1
2018-07-25 18:55:06.153254,31.9
2018-07-25 19:55:08.153255,31.1
2018-07-25 20:55:13.153255,30.3
2018-07-25 21:55:07.153256,28.9
2018-07-25 22:55:21.153256,27.9
2018-07-25 23:55:03.153256,27.2
2018-07-26 00:55:14.153257,26.3
2018-07-26 01:55:13.153257,25.7
2018-07-26 02:55:01.153257,25.3
2018-07-26 03:55:11.153258,24.7
2018-07-26 04:55:07.153258,24.4
2018-07-26 05:55:01.153258,24.7
2018-07-26 06:55:06.153259,26.3
2018-07-26 07:55:17.153259,27.5
2018-07-26 08:55:14.153260,30
2018-07-26 09:55:17.153260,32
2018-07-26 10:55:19.153260,34.2
2018-07-26 11:55:07.153261,34.6
2018-07-26 12:55:11.153261,35.2
2018-07-26 13:55:08.153261,34.2
2018-07-26 14:55:16.153262,35.6
2018-07-26 15:55:09.153262,35.3
2018-07-26 17:00:19.153262,35.6
2018-07-26 17:55:12.153263,35.8
2018-07-26 18:55:04.153263,34.7
2018-07-26 19:55:02.153263,33.6
2018-07-26 20:55:12.153264,32.6
2018-07-26 21:55:10.153264,31.5
2018-07-26 22:55:07.153265,30.4
2018-07-26 23:55:05.153265,29.8
2018-07-27 00:55:03.153265,29.1
2018-07-27 01:55:10.153266,28.3
2018-07-27 02:55:13.153266,27.3
2018-07-27 03:55:01.153266,26.4
2018-07-27 04:55:09.153267,25.9
2018-07-27 05:55:17.153267,26.4
2018-07-27 06:55:10.153267,27.2
2018-07-27 07:55:09.153268,29.1
2018-07-27 08:55:11.153268,30.9
2018-07-27 10:00:23.153269,33.3
2018-07-27 11:00:24.153269,34.6
2018-07-27 11:55:01.153269,35.6
2018-07-27 12:55:19.153270,36.2
2018-07-27 13:55:05.153270,34.1
2018-07-27 14:55:20.153270,34.3
2018-07-27 15:55:19.153271,34.8
2018-07-27 16:55:09.153271,25.7
2018-07-27 17:55:03.153271,22.3
2018-07-27 18:55:15.153272,24.1
2018-07-27 19:55:18.153272,25.4
2018-07-27 20:55:10.153272,25.6
2018-07-27 21:55:12.153273,24.9
2018-07-27 23:00:28.153273,22.7
2018-07-27 23:55:12.153274,21.8
2018-07-28 00:55:15.153274,21.8
2018-07-28 01:55:08.153274,22.2
2018-07-28 02:55:05.153275,22.1
2018-07-28 03:55:20.153275,22.4
2018-07-28 04:55:20.153275,21.4
2018-07-28 05:55:07.153276,20.8
2018-07-28 06:55:15.153276,21.4
2018-07-28 07:55:16.153276,21.8
2018-07-28 08:55:06.153277,22.5
2018-07-28 09:55:16.153277,23.3
2018-07-28 10:55:09.153278,24.7
2018-07-28 11:55:11.153278,24.6
2018-07-28 12:55:02.153278,24.4
2018-07-28 13:55:09.153279,25.4
2018-07-28 14:55:15.153279,26
2018-07-28 15:55:10.153279,25.9
2018-07-28 16:55:18.153280,25.6
2018-07-28 17:55:10.153280,24.9
2018-07-28 18:55:12.153280,24.3
2018-07-28 19:55:20.153281,23.7
2018-07-28 20:55:04.153281,23.1
2018-07-28 21:55:16.153281,22.8
2018-07-28 22:55:18.153282,22.4
2018-07-29 00:00:33.153282,22.1
2018-07-29 00:55:19.153283,21.6
2018-07-29 01:55:16.153283,21.3
2018-07-29 02:55:16.153283,21.1
2018-07-29 03:55:07.153284,20.5
2018-07-29 04:55:07.153284,20
2018-07-29 05:55:07.153284,20
2018-07-29 06:55:13.153285,19.8
2018-07-29 07:55:13.153285,20.1
2018-07-29 08:55:11.153285,21.3
2018-07-29 09:55:03.153286,22.9
2018-07-29 10:55:10.153286,24.6
2018-07-29 11:55:15.153287,25.9
2018-07-29 12:55:02.153287,27.6
2018-07-29 13:55:10.153287,27.1
2018-07-29 14:55:07.153288,27.1
2018-07-29 15:55:01.153288,26.9
2018-07-29 16:55:19.153288,26.9
2018-07-29 17:55:07.153289,26.8
2018-07-29 18:55:10.153289,26
2018-07-29 19:55:02.153289,25.4
2018-07-29 20:55:09.153290,25
2018-07-29 21:55:15.153290,24.6
2018-07-29 22:55:13.153290,23.9
2018-07-29 23:55:01.153291,23.4
2018-07-30 00:55:19.153291,22.6
2018-07-30 01:55:06.153292,22.3
2018-07-30 02:55:06.153292,21.6
2018-07-30 03:55:20.153292,21
2018-07-30 04:55:13.153293,20.7
2018-07-30 05:55:01.153293,20.8
2018-07-30 06:55:16.153293,21.5
2018-07-30 07:55:17.153294,22.2
2018-07-30 08:55:04.153294,23
2018-07-30 09:55:10.153294,24.4
2018-07-30 10:55:08.153295,25.5
2018-07-30 11:55:08.153295,25.7
2018-07-30 12:55:03.153296,26.4
2018-07-30 13:55:09.153296,27.3
2018-07-30 14:55:04.153296,27.9
2018-07-30 15:55:18.153297,27.8
2018-07-30 16:55:10.153297,28.3
2018-07-30 17:55:02.153297,28.3
2018-07-30 18:55:16.153298,27.3
2018-07-30 19:55:16.153298,26.6
2018-07-30 20:55:01.153298,25.8
2018-07-30 21:55:11.153299,25.3
2018-07-30 22:55:06.153299,24.2
2018-07-30 23:55:04.153299,
2018-07-31 00:55:02.153300,
2018-07-31 01:55:12.153300,
2018-07-31 02:55:01.153301,
2018-07-31 03:55:12.153301,
2018-07-31 04:55:04.153301,
2018-07-31 05:55:17.153302,
2018-07-31 06:55:19.153302,22.5
2018-07-31 07:55:14.153302,23.2
2018-07-31 08:55:02.153303,23.2
2018-07-31 09:55:20.153303,24.7
2018-07-31 10:55:13.153303,26.1
2018-07-31 11:55:05.153304,26.7
2018-07-31 12:55:02.153304,26.7
2018-07-31 13:55:05.153305,27.1
2018-07-31 14:55:17.153305,27.4
2018-07-31 15:55:04.153305,27.4
2018-07-31 16:55:07.153306,28.2
2018-07-31 17:55:03.153306,27.5
2018-07-31 18:55:04.153306,27.1
2018-07-31 19:55:16.153307,26.1
2018-07-31 20:55:21.153307,25.3
2018-07-31 21:55:09.153307,24.7
2018-07-31 22:55:06.153308,22.5
2018-07-31 23:55:13.153308,21.4
2018-08-01 00:55:02.153308,20.7
2018-08-01 01:55:14.153309,20.3
2018-08-01 02:55:13.153309,20.1
2018-08-01 03:55:15.153310,19.7
2018-08-01 04:55:21.153310,19.9
2018-08-01 05:55:19.153310,20.1
2018-08-01 06:55:20.153311,20.2
2018-08-01 07:55:08.153311,21.4
2018-08-01 08:55:15.153311,23.8
2018-08-01 09:50:03.153312,25.1
2018-08-01 11:55:05.153312,27.3
2018-08-01 12:55:04.153313,28.4
2018-08-01 13:55:02.153313,29.4
2018-08-01 14:55:14.153314,28.8
2018-08-01 15:55:20.153314,30.1
2018-08-01 16:55:21.153314,29.3
2018-08-01 18:00:19.153315,29.4
2018-08-01 18:55:02.153315,28.9
2018-08-01 19:55:18.153315,28.1
2018-08-01 20:55:17.153316,27.3
2018-08-01 21:55:16.153316,24.5
2018-08-01 22:55:10.153316,23
2018-08-01 23:55:01.153317,22.4
2018-08-02 00:55:07.153317,21.6
2018-08-02 01:55:01.153317,21.1
2018-08-02 02:55:02.153318,20.4
2018-08-02 03:55:09.153318,20.1
2018-08-02 04:55:17.153319,20.1
2018-08-02 06:00:26.153319,20.1
2018-08-02 06:55:03.153319,20.9
2018-08-02 07:55:17.153320,22.5
2018-08-02 08:55:02.153320,24.5
2018-08-02 09:55:07.153320,26.8
2018-08-02 10:55:19.153321,28.8
2018-08-02 11:55:03.153321,29.9
2018-08-02 12:55:05.153321,31.1
2018-08-02 13:55:21.153322,31.3
2018-08-02 14:55:12.153322,32.4
2018-08-02 15:55:08.153323,32.5
2018-08-02 16:55:20.153323,31.8
2018-08-02 17:55:20.153323,31.4
2018-08-02 18:55:13.153324,30.7
2018-08-02 19:55:14.153324,29.7
2018-08-02 20:55:10.153324,28.7
2018-08-02 22:00:31.153325,27.8
2018-08-02 22:55:17.153325,26.9
2018-08-02 23:55:04.153325,25.6
2018-08-03 00:55:10.153326,24.4
2018-08-03 01:55:06.153326,23.6
2018-08-03 02:55:11.153326,22.9
2018-08-03 03:55:01.153327,22.8
2018-08-03 05:00:27.153327,22.3
2018-08-03 05:55:01.153328,22.5
2018-08-03 06:55:19.153328,23
2018-08-03 07:55:17.153328,24.6
2018-08-03 08:55:08.153329,26.9
2018-08-03 09:55:18.153329,28.7
2018-08-03 10:55:06.153329,30.7
2018-08-03 11:55:05.153330,32.1
2018-08-03 12:55:04.153330,33.1
2018-08-03 13:55:10.153330,33.3
2018-08-03 14:55:16.153331,34.5
2018-08-03 15:55:20.153331,34.2
2018-08-03 16:55:06.153332,34.5
2018-08-03 17:55:19.153332,33.9
2018-08-03 18:55:14.153332,33.2
2018-08-03 19:55:08.153333,30.3
2018-08-03 20:55:03.153333,28.8
2018-08-03 21:55:18.153333,27.9
2018-08-03 22:55:03.153334,27.2
2018-08-03 23:55:04.153334,26.2
2018-08-04 00:55:05.153334,25
2018-08-04 01:55:18.153335,25.1
2018-08-04 02:55:17.153335,24.7
2018-08-04 03:55:05.153335,23.9
2018-08-04 04:55:04.153336,23.2
2018-08-04 05:55:11.153336,23
2018-08-04 06:55:20.153337,23.8
2018-08-04 07:55:09.153337,25.7
2018-08-04 08:55:17.153337,27.2
2018-08-04 09:55:07.153338,28.3
2018-08-04 10:55:04.153338,30
2018-08-04 12:00:23.153338,30.9
2018-08-04 12:55:05.153339,31.3
2018-08-04 13:55:06.153339,32.2
2018-08-04 14:55:13.153339,32.6
2018-08-04 15:55:20.153340,32.3
2018-08-04 16:55:05.153340,32.5
2018-08-04 17:55:18.153341,32
2018-08-04 18:55:11.153341,30.7
2018-08-04 19:55:05.153341,28.8
2018-08-04 21:00:20.153342,25.8
2018-08-04 21:55:02.153342,24.2
2018-08-04 22:55:16.153342,23.3
2018-08-04 23:55:10.153343,22.7
2018-08-05 00:55:21.153343,21.9
2018-08-05 01:55:09.153343,21.1
2018-08-05 02:55:01.153344,20.3
2018-08-05 03:55:20.153344,19.4
2018-08-05 04:55:01.153344,18.9
2018-08-05 05:55:04.153345,18.4
2018-08-05 06:55:02.153345,18.7
2018-08-05 07:55:11.153346,19.4
2018-08-05 08:55:15.153346,21.6
2018-08-05 09:55:16.153346,23.1
2018-08-05 10:55:04.153347,25.3
2018-08-05 11:55:20.153347,26.6
2018-08-05 12:55:16.153347,28.3
2018-08-05 13:55:06.153348,29.3
2018-08-05 14:55:13.153348,30.2
2018-08-05 15:55:16.153348,30.8
2018-08-05 16:55:08.153349,30.7
2018-08-05 17:55:11.153349,30.6
2018-08-05 18:55:03.153350,29.7
2018-08-05 19:55:06.153350,28.6
2018-08-05 20:55:04.153350,27.6
2018-08-05 21:55:12.153351,26.7
2018-08-05 23:00:29.153351,26
2018-08-05 23:55:06.153351,25.3
2018-08-06 00:55:03.153352,24.4
2018-08-06 01:55:18.153352,23.8
2018-08-06 02:55:12.153352,23.4
2018-08-06 03:55:13.153353,22.7
2018-08-06 05:00:28.153353,22.3
2018-08-06 05:55:04.153353,22.6
2018-08-06 06:55:07.153354,24.2
2018-08-06 07:55:20.153354,25.4
2018-08-06 09:00:21.153355,27.7
2018-08-06 09:55:18.153355,28.8
2018-08-06 10:55:01.153355,29.9
2018-08-06 11:55:18.153356,31.2
2018-08-06 12:55:07.153356,32.4
2018-08-06 13:55:20.153356,33.2
2018-08-06 14:55:16.153357,33.7
2018-08-06 15:55:15.153357,33.6
2018-08-06 16:55:15.153357,33.3
2018-08-06 17:55:14.153358,33.5
2018-08-06 18:55:20.153358,32.7
2018-08-06 19:55:08.153359,31.5
2018-08-06 20:55:12.153359,29.8
2018-08-06 21:55:15.153359,27.8
2018-08-06 22:55:19.153360,27.4
2018-08-06 23:55:05.153360,27
2018-08-07 00:55:16.153360,26.6
2018-08-07 01:55:11.153361,26.1
2018-08-07 02:55:03.153361,26
2018-08-07 03:55:08.153361,25.3
2018-08-07 04:55:09.153362,25.1
2018-08-07 05:55:05.153362,
2018-08-07 06:55:16.153362,26.4
2018-08-07 07:55:08.153363,28.8
2018-08-07 08:55:08.153363,30.6
2018-08-07 10:00:21.153364,31.8
2018-08-07 10:55:20.153364,33.5
2018-08-07 11:55:15.153364,34.8
2018-08-07 12:55:09.153365,35.5
2018-08-07 13:55:08.153365,35.9
2018-08-07 14:55:09.153365,36.1
2018-08-07 15:55:17.153366,35.8
2018-08-07 16:55:14.153366,35.3
2018-08-07 17:55:08.153366,34.9
2018-08-07 18:55:21.153367,31.9
2018-08-07 19:55:01.153367,30.8
2018-08-07 20:55:09.153368,27.3
2018-08-07 21:55:13.153368,27.4
2018-08-07 22:55:20.153368,25
2018-08-07 23:55:12.153369,23.7
2018-08-08 01:00:22.153369,23.4
2018-08-08 01:55:20.153369,20.7
2018-08-08 02:55:15.153370,20.6
2018-08-08 03:55:12.153370,20.5
2018-08-08 04:55:09.153370,20.1
2018-08-08 05:55:03.153371,19
2018-08-08 06:55:12.153371,19.2
2018-08-08 07:55:02.153371,19.4
2018-08-08 08:55:05.153372,21.2
2018-08-08 09:55:03.153372,23.1
2018-08-08 10:55:11.153373,23.5
2018-08-08 11:55:12.153373,24.9
2018-08-08 13:00:18.153373,25.2
2018-08-08 13:55:21.153374,26.4
2018-08-08 14:55:12.153374,26.7
2018-08-08 15:55:15.153374,26.7
2018-08-08 16:55:03.153375,26.6
2018-08-08 17:55:11.153375,26.4
2018-08-08 18:55:05.153375,26.1
2018-08-08 19:55:18.153376,24.7
2018-08-08 20:55:01.153376,24.3
2018-08-08 21:55:04.153377,23.6
2018-08-08 23:00:30.153377,22.4
2018-08-08 23:55:06.153377,21.3
2018-08-09 00:55:10.153378,21
2018-08-09 01:55:08.153378,21.3
2018-08-09 02:55:08.153378,21.1
2018-08-09 03:55:14.153379,20.9
2018-08-09 05:00:18.153379,20.7
2018-08-09 05:55:12.153379,20.2
2018-08-09 06:55:04.153380,19.1
2018-08-09 07:55:10.153380,19.8
2018-08-09 08:55:15.153380,18.1
2018-08-09 09:55:02.153381,17.2
2018-08-09 10:55:05.153381,17.6
2018-08-09 11:55:09.153382,17.8
2018-08-09 13:00:19.153382,18.9
2018-08-09 13:55:20.153382,19.2
2018-08-09 14:55:05.153383,16.7
2018-08-09 15:55:13.153383,17.1
2018-08-09 16:55:06.153383,17.7
2018-08-09 17:55:02.153384,18.3
2018-08-09 19:00:28.153384,18.8
2018-08-09 19:55:07.153384,18.4
2018-08-09 20:55:09.153385,17.6
2018-08-09 21:55:02.153385,17.3
2018-08-09 22:55:19.153386,17.2
2018-08-09 23:55:11.153386,16.8
2018-08-10 00:55:05.153386,16.1
2018-08-10 01:55:10.153387,15.8
2018-08-10 02:55:13.153387,15.6
2018-08-10 03:55:11.153387,15.3
2018-08-10 04:55:02.153388,14.5
2018-08-10 05:55:16.153388,14.6
2018-08-10 07:00:25.153388,15.7
2018-08-10 07:55:13.153389,16.2
2018-08-10 09:00:32.153389,18.7
2018-08-10 10:00:23.153390,20
2018-08-10 10:55:09.153390,20.7
2018-08-10 11:55:06.153390,21.7
2018-08-10 12:55:11.153391,21.6
2018-08-10 13:55:07.153391,22.3
2018-08-10 14:55:03.153391,22.9
2018-08-10 15:55:17.153392,22.8
2018-08-10 16:55:07.153392,22.3
2018-08-10 17:55:09.153392,21.9
2018-08-10 18:55:13.153393,21.3
2018-08-10 19:55:14.153393,20.9
2018-08-10 20:55:12.153393,20.9
2018-08-10 21:55:19.153394,20.3
2018-08-10 22:55:13.153394,18.9
2018-08-10 23:55:04.153395,18.3
2018-08-11 00:55:04.153395,17.6
2018-08-11 01:55:05.153395,17.1
2018-08-11 03:00:25.153396,16.9
2018-08-11 03:55:18.153396,16.6
2018-08-11 05:00:20.153396,16.4
2018-08-11 05:55:13.153397,16.6
2018-08-11 07:00:31.153397,17.1
2018-08-11 08:00:27.153397,17.9
2018-08-11 08:55:07.153398,18.8
2018-08-11 09:55:15.153398,19.8
2018-08-11 10:55:08.153398,21
2018-08-11 11:55:15.153399,21.9
2018-08-11 13:00:18.153399,22.9
2018-08-11 13:55:09.153400,23.3
2018-08-11 14:55:09.153400,25
2018-08-11 15:55:02.153400,25.1
2018-08-11 16:55:16.153401,24.4
2018-08-11 17:55:10.153401,25.1
2018-08-11 18:55:12.153401,24.4
2018-08-11 19:55:21.153402,23.7
2018-08-11 20:55:12.153402,22.8
2018-08-11 21:55:09.153402,22.1
2018-08-11 23:00:23.153403,21.4
2018-08-11 23:55:09.153403,20.8
2018-08-12 00:55:17.153404,20.1
2018-08-12 01:55:01.153404,19
2018-08-12 02:55:11.153404,18.6
2018-08-12 03:55:02.153405,18.1
2018-08-12 04:55:18.153405,17.9
2018-08-12 05:55:03.153405,18.4
2018-08-12 06:55:19.153406,19.5
2018-08-12 07:55:21.153406,20.7
2018-08-12 08:55:07.153406,22.8
2018-08-12 09:55:20.153407,24.8
2018-08-12 10:55:09.153407,25.9
2018-08-12 11:55:16.153407,27.4
2018-08-12 12:55:03.153408,28.7
2018-08-12 13:55:01.153408,29.9
2018-08-12 14:55:19.153409,30.6
2018-08-12 15:55:04.153409,30.2
2018-08-12 15:55:04.153409,30.2
2018-08-12 16:55:02.153409,29.9
2018-08-12 17:55:16.153410,28.6
2018-08-12 18:55:08.153410,26.1
2018-08-12 19:55:02.153410,24.9
2018-08-12 20:55:21.153411,24.7
2018-08-12 21:55:19.153411,23.7
2018-08-12 23:00:21.153411,21.7
2018-08-12 23:55:05.153412,21.7
2018-08-13 00:55:19.153412,20.9
2018-08-13 01:55:01.153413,21.1
2018-08-13 02:55:20.153413,19.8
2018-08-13 04:00:35.153413,19.4
2018-08-13 04:55:07.153414,19.2
2018-08-13 05:55:10.153414,19.2
2018-08-13 06:55:03.153414,19.3
2018-08-13 07:55:08.153415,19.6
2018-08-13 08:55:03.153415,20.2
2018-08-13 10:00:22.153415,21.7
2018-08-13 10:55:05.153416,21.4
2018-08-13 12:00:23.153416,22.4
2018-08-13 12:55:04.153416,23.4
2018-08-13 13:55:06.153417,24.1
2018-08-13 14:55:17.153417,24.8
2018-08-13 15:55:06.153418,23.4
2018-08-13 16:55:14.153418,23.5
2018-08-13 17:55:09.153418,22.8
2018-08-13 18:55:21.153419,22.2
2018-08-13 19:55:18.153419,20.9
2018-08-13 20:55:05.153419,20.4
2018-08-13 21:55:19.153420,19.9
2018-08-13 22:55:07.153420,19.4
2018-08-13 23:55:01.153420,18.9
2018-08-14 00:55:17.153421,18.7
2018-08-14 02:00:23.153421,18.5
2018-08-14 02:55:08.153422,18.4
2018-08-14 03:55:15.153422,17.9
2018-08-14 04:00:24.153422,17.8
2018-08-14 04:55:09.153422,17.8
2018-08-14 05:55:14.153423,18.1
2018-08-14 06:55:05.153423,18.3
2018-08-14 07:55:04.153423,18.6
2018-08-14 08:55:10.153424,19.2
2018-08-14 09:55:05.153424,20.5
2018-08-14 10:55:18.153424,21.8
2018-08-14 11:55:02.153425,23.7
2018-08-14 12:55:10.153425,23.3
2018-08-14 13:55:20.153425,24.2
2018-08-14 14:55:17.153426,24.9
2018-08-14 15:55:04.153426,25.1
2018-08-14 16:55:09.153427,24.9
2018-08-14 17:55:04.153427,23.9
2018-08-14 18:55:05.153427,22.7
2018-08-14 19:55:10.153428,21.5
2018-08-14 20:55:19.153428,21
2018-08-14 22:00:29.153428,20.5
2018-08-14 22:55:10.153429,20.2
2018-08-14 23:55:07.153429,20.1
2018-08-15 00:55:18.153429,19.8
2018-08-15 01:55:03.153430,19.5
2018-08-15 02:55:13.153430,19.5
2018-08-15 03:55:14.153431,19.3
2018-08-15 04:55:20.153431,19
2018-08-15 05:55:13.153431,18.7
2018-08-15 06:55:11.153432,19.1
2018-08-15 07:55:07.153432,19.8
2018-08-15 08:55:02.153432,19.7
2018-08-15 09:55:06.153433,19.3
2018-08-15 10:55:15.153433,19.9
2018-08-15 11:55:05.153433,20.1
2018-08-15 12:55:04.153434,22
2018-08-15 13:55:18.153434,23.1
2018-08-15 14:55:11.153434,24.6
2018-08-15 15:55:17.153435,25.7
2018-08-15 17:00:23.153435,25.7
2018-08-15 17:55:01.153436,25.6
2018-08-15 18:55:17.153436,25.1
2018-08-15 19:55:14.153436,23.8
2018-08-15 20:55:04.153437,23.1
2018-08-15 21:55:10.153437,22.7
2018-08-15 22:55:07.153437,22
2018-08-15 23:55:11.153438,20.4
2018-08-16 00:55:14.153438,19.8
2018-08-16 01:55:11.153438,19.5
2018-08-16 03:00:34.153439,19.5
2018-08-16 03:55:11.153439,19.4
2018-08-16 04:55:05.153440,19.6
2018-08-16 05:55:09.153440,19.6
2018-08-16 06:55:21.153440,20.7
2018-08-16 07:55:18.153441,21.9
2018-08-16 08:55:07.153441,23.7
2018-08-16 10:00:29.153441,25.3
2018-08-16 10:55:08.153442,26.4
2018-08-16 12:00:19.153442,27.9
2018-08-16 12:55:15.153442,28.8
2018-08-16 13:55:03.153443,29.6
2018-08-16 14:55:14.153443,30.6
2018-08-16 15:55:16.153443,31.2
2018-08-16 16:55:14.153444,30.9
2018-08-16 17:55:19.153444,28.9
2018-08-16 18:55:16.153445,24.2
2018-08-16 19:55:12.153445,23.2
2018-08-16 20:55:02.153445,22.2
2018-08-16 21:55:21.153446,20.8
2018-08-16 22:55:05.153446,20.4
2018-08-16 23:00:34.153446,20.3
2018-08-17 00:00:35.153446,19.7
2018-08-17 00:55:14.153447,18.9
2018-08-17 01:55:10.153447,18.6
2018-08-17 02:55:02.153447,18.3
2018-08-17 03:55:13.153448,17.4
2018-08-17 04:55:07.153448,17.2
2018-08-17 05:55:21.153449,16.8
2018-08-17 06:55:02.153449,17.1
2018-08-17 07:55:11.153449,18
2018-08-17 08:55:08.153450,19.4
2018-08-17 10:00:21.153450,20.7
2018-08-17 10:55:10.153450,21.4
2018-08-17 11:55:20.153451,22.3
2018-08-17 12:55:02.153451,23.4
2018-08-17 13:55:10.153451,23.6
2018-08-17 14:55:19.153452,23.4
2018-08-17 15:55:21.153452,23.9
2018-08-17 16:55:20.153452,24.2
2018-08-17 17:55:14.153453,23.6
2018-08-17 18:55:15.153453,22.7
2018-08-17 19:55:09.153454,21.2
2018-08-17 20:55:16.153454,19.9
2018-08-17 22:00:22.153454,19
2018-08-17 23:00:18.153455,18.6
2018-08-17 23:55:12.153455,18.1
2018-08-18 00:55:20.153455,17.6
2018-08-18 01:55:08.153456,17.1
2018-08-18 02:55:05.153456,17.2
2018-08-18 04:00:39.153456,17.1
2018-08-18 04:55:05.153457,16.8
2018-08-18 05:55:07.153457,17
2018-08-18 07:00:33.153458,17.3
2018-08-18 07:55:16.153458,18.2
2018-08-18 09:00:35.153458,19.5
2018-08-18 09:55:15.153459,20.6
2018-08-18 10:55:20.153459,21.5
2018-08-18 12:00:22.153459,22.2
2018-08-18 12:55:08.153460,23.6
2018-08-18 13:55:04.153460,25
2018-08-18 14:55:02.153460,24.8
2018-08-18 15:55:20.153461,24.8
2018-08-18 16:55:01.153461,24.6
2018-08-18 17:55:20.153461,23.9
2018-08-18 18:55:05.153462,22.9
2018-08-18 19:55:18.153462,21.8
2018-08-18 20:55:20.153463,21
2018-08-18 21:55:08.153463,20.5
2018-08-18 22:55:04.153463,20.2
2018-08-18 23:55:17.153464,19.8
2018-08-19 00:55:20.153464,19.5
2018-08-19 01:55:19.153464,19.3
2018-08-19 02:55:11.153465,19.5
2018-08-19 03:55:05.153465,19.1
2018-08-19 04:55:06.153465,18.3
2018-08-19 05:55:17.153466,18.5
2018-08-19 06:55:06.153466,20
2018-08-19 07:55:13.153467,20.5
2018-08-19 08:55:03.153467,21.3
2018-08-19 09:55:04.153467,22.3
2018-08-19 10:55:08.153468,24.2
2018-08-19 11:55:11.153468,25.1
2018-08-19 12:55:07.153468,26.6
2018-08-19 13:55:19.153469,27.1
2018-08-19 14:55:02.153469,28
2018-08-19 15:55:10.153469,28.2
2018-08-19 16:55:01.153470,28.3
2018-08-19 17:55:20.153470,28.2
2018-08-19 18:55:13.153470,27.2
2018-08-19 19:55:06.153471,26.1
2018-08-19 20:55:12.153471,24.1
2018-08-19 21:55:01.153472,22.6
2018-08-19 22:55:03.153472,21.9
2018-08-19 23:55:03.153472,21.6
2018-08-20 00:55:08.153473,21.4
2018-08-20 01:55:07.153473,21.3
2018-08-20 02:55:03.153473,21
2018-08-20 03:55:10.153474,21
2018-08-20 04:55:02.153474,20.8
2018-08-20 05:55:02.153474,20.5
2018-08-20 06:55:05.153475,20.1
2018-08-20 07:55:02.153475,20.8
2018-08-20 08:55:11.153476,20.9
2018-08-20 10:00:19.153476,21.6
2018-08-20 10:55:18.153476,22.2
2018-08-20 11:55:06.153477,22.4
2018-08-20 12:55:11.153477,23.1
2018-08-20 13:55:05.153477,23.2
2018-08-20 14:55:06.153478,24
2018-08-20 15:55:13.153478,23.9
2018-08-20 16:55:03.153478,24.2
2018-08-20 17:55:06.153479,24.2
2018-08-20 18:55:10.153479,24
2018-08-20 19:55:18.153479,24
2018-08-20 20:55:04.153480,23.8
2018-08-20 21:55:06.153480,23.6
2018-08-20 22:55:24.153481,22.8
2018-08-20 23:55:05.153481,22.2
2018-08-21 00:55:17.153481,21.6
2018-08-21 01:55:19.153482,21.4
2018-08-21 02:55:19.153482,21.1
2018-08-21 03:55:06.153482,20.9
2018-08-21 04:55:05.153483,20.8
2018-08-21 05:55:04.153483,20.9
2018-08-21 06:55:10.153483,21.2
2018-08-21 07:55:17.153484,21.6
2018-08-21 08:55:19.153484,21.9
2018-08-21 10:00:29.153485,23.8
2018-08-21 10:00:29.153485,23.8
2018-08-21 10:55:06.153485,24.7
2018-08-21 11:55:12.153485,25.6
2018-08-21 12:55:08.153486,25.4
2018-08-21 13:55:16.153486,26.1
2018-08-21 14:55:01.153486,26.2
2018-08-21 15:55:07.153487,26.3
2018-08-21 16:55:04.153487,25.9
2018-08-21 17:55:19.153487,25.3
2018-08-21 18:55:19.153488,24.9
2018-08-21 19:55:18.153488,24.5
2018-08-21 20:55:15.153488,24.1
2018-08-21 21:55:18.153489,23.7
2018-08-21 22:55:15.153489,23.2
2018-08-21 23:55:12.153490,22.9
2018-08-22 00:55:11.153490,22
2018-08-22 01:55:06.153490,21.1
2018-08-22 02:55:03.153491,20.7
2018-08-22 04:00:28.153491,20.2
2018-08-22 04:55:20.153491,20.1
2018-08-22 05:55:19.153492,20.1
2018-08-22 06:55:02.153492,21.4
2018-08-22 07:55:09.153492,23.4
2018-08-22 08:55:08.153493,24.5
2018-08-22 09:55:05.153493,25.7
2018-08-22 10:55:11.153494,26.4
2018-08-22 11:55:04.153494,26.9
2018-08-22 12:55:08.153494,28
2018-08-22 13:55:04.153495,28.6
2018-08-22 14:55:02.153495,29.1
2018-08-22 15:55:19.153495,28.9
2018-08-22 16:55:12.153496,29
2018-08-22 17:55:04.153496,28.9
2018-08-22 18:55:11.153496,27.6
2018-08-22 19:55:16.153497,26.2
2018-08-22 20:55:02.153497,25.3
2018-08-22 21:55:16.153497,24.1
2018-08-22 22:55:06.153498,22.6
2018-08-22 23:55:11.153498,21.7
2018-08-23 00:55:13.153499,21.3
2018-08-23 01:55:04.153499,20.6
2018-08-23 02:55:07.153499,19.2
2018-08-23 03:55:19.153500,18.2
2018-08-23 04:55:14.153500,17.8
2018-08-23 04:55:14.153500,17.8
2018-08-23 05:55:09.153500,17.6
2018-08-23 06:55:02.153501,17.7
2018-08-23 07:55:10.153501,18.4
2018-08-23 09:00:19.153501,19.8
2018-08-23 09:55:12.153502,21.9
2018-08-23 10:55:10.153502,23.5
2018-08-23 11:55:02.153503,24.4
2018-08-23 12:55:20.153503,25.6
2018-08-23 13:55:17.153503,25.6
2018-08-23 14:55:17.153504,25.2
2018-08-23 15:55:15.153504,24.7
2018-08-23 16:55:08.153504,24.4
2018-08-23 17:55:14.153505,24.4
2018-08-23 18:55:02.153505,24
2018-08-23 19:55:15.153505,22.7
2018-08-23 20:55:15.153506,22.2
2018-08-23 22:00:19.153506,20.8
2018-08-23 22:55:09.153506,18.2
2018-08-23 23:55:04.153507,17.1
2018-08-24 00:55:04.153507,17.1
2018-08-24 01:55:20.153508,16.4
2018-08-24 02:55:12.153508,15.9
2018-08-24 03:55:15.153508,15.6
2018-08-24 05:00:22.153509,15.6
2018-08-24 05:55:05.153509,15.7
2018-08-24 06:55:12.153509,15.9
2018-08-24 07:55:06.153510,16.7
2018-08-24 08:55:12.153510,17.2
2018-08-24 09:55:12.153510,18.1
2018-08-24 10:55:05.153511,18.7
2018-08-24 11:55:17.153511,19
2018-08-24 12:55:20.153512,19
2018-08-24 13:55:13.153512,19.4
2018-08-24 14:55:11.153512,20
2018-08-24 15:55:14.153513,20.5
2018-08-24 16:55:12.153513,20.5
2018-08-24 18:00:18.153513,19.4
2018-08-24 18:55:02.153514,18.4
2018-08-24 19:55:15.153514,17.7
2018-08-24 20:55:09.153514,17.7
2018-08-24 21:55:18.153515,17.4
2018-08-24 22:55:16.153515,17.2
2018-08-24 23:55:14.153515,16.7
2018-08-25 01:00:36.153516,16.4
2018-08-25 01:55:15.153516,15.1
2018-08-25 02:55:03.153517,14.2
2018-08-25 03:55:17.153517,14
2018-08-25 05:00:23.153517,13.7
2018-08-25 05:55:18.153518,13.8
2018-08-25 06:55:13.153518,14.1
2018-08-25 08:00:20.153518,14.6
2018-08-25 08:55:19.153519,15.2
2018-08-25 10:00:19.153519,16.6
2018-08-25 10:55:06.153519,16.8
2018-08-25 11:55:02.153520,17.8
2018-08-25 12:55:17.153520,18.6
2018-08-25 13:55:08.153521,18.4
2018-08-25 14:55:06.153521,19.6
2018-08-25 15:55:11.153521,20.1
2018-08-25 16:55:12.153522,18.6
2018-08-25 17:55:08.153522,18.5
2018-08-25 19:00:23.153522,17.8
2018-08-25 19:55:17.153523,17.3
2018-08-25 21:00:21.153523,16.7
2018-08-25 22:00:20.153523,16.4
2018-08-25 23:00:15.153524,16
2018-08-26 00:00:29.153524,15.5
2018-08-26 00:55:15.153524,15.1
2018-08-26 01:55:16.153525,14.8
2018-08-26 02:55:08.153525,14.7
2018-08-26 03:55:04.153526,14.6
2018-08-26 04:55:02.153526,13.9
2018-08-26 05:55:06.153526,14.2
2018-08-26 07:00:21.153527,15.2
2018-08-26 07:55:03.153527,15.9
2018-08-26 08:55:08.153527,17.3
2018-08-26 09:55:03.153528,19.4
2018-08-26 10:55:01.153528,21
2018-08-26 11:55:08.153528,21.6
2018-08-26 12:55:06.153529,22
2018-08-26 13:55:15.153529,22.2
2018-08-26 14:55:09.153530,22.4
2018-08-26 15:55:17.153530,22.8
2018-08-26 16:55:10.153530,23.6
2018-08-26 17:55:15.153531,23.7
2018-08-26 18:55:14.153531,23.3
2018-08-26 20:00:25.153531,23.1
2018-08-26 20:55:12.153532,23
2018-08-26 21:55:08.153532,22.8
2018-08-26 22:55:12.153532,22.2
2018-08-26 23:55:08.153533,21.4
2018-08-27 00:55:16.153533,20.4
2018-08-27 01:55:13.153533,19.3
2018-08-27 02:55:05.153534,19.1
2018-08-27 04:00:24.153534,19.4
2018-08-27 04:55:18.153535,19.4
2018-08-27 05:55:20.153535,19.3
2018-08-27 06:55:03.153535,17.3
2018-08-27 07:55:17.153536,18
2018-08-27 08:55:11.153536,19.2
2018-08-27 09:55:05.153536,19.7
2018-08-27 10:55:09.153537,21.1
2018-08-27 11:55:02.153537,21.2
2018-08-27 12:55:10.153537,21.5
2018-08-27 13:00:34.153537,21.6
2018-08-27 13:55:10.153538,22.3
2018-08-27 14:55:21.153538,23.1
2018-08-27 15:55:17.153539,22.7
2018-08-27 16:55:06.153539,21.7
2018-08-27 17:55:02.153539,20.5
2018-08-27 18:55:19.153540,19.3
2018-08-27 19:55:05.153540,18.6
2018-08-27 20:55:14.153540,18.2
2018-08-27 21:55:12.153541,17.8
2018-08-27 22:55:17.153541,17.6
2018-08-27 23:55:18.153541,17.4
2018-08-28 00:55:20.153542,17.3
2018-08-28 01:55:08.153542,17
2018-08-28 02:55:12.153542,16.8
2018-08-28 03:55:19.153543,16.5
2018-08-28 05:00:32.153543,15.9
2018-08-28 05:55:06.153544,15.9
2018-08-28 06:55:06.153544,17.3
2018-08-28 07:55:20.153544,18.4
2018-08-28 08:55:08.153545,19.5
2018-08-28 10:00:21.153545,21.5
2018-08-28 10:55:05.153545,22.8
2018-08-28 11:55:02.153546,24
2018-08-28 12:55:20.153546,24.6
2018-08-28 13:55:07.153546,26.2
2018-08-28 14:55:13.153547,26.9
2018-08-28 15:55:07.153547,27.7
2018-08-28 16:55:09.153548,27.6
2018-08-28 18:00:20.153548,27.2
2018-08-28 18:55:10.153548,26.3
2018-08-28 19:55:11.153549,25.6
2018-08-28 20:55:04.153549,24.2
2018-08-28 21:55:21.153549,23.6
2018-08-28 22:55:02.153550,23
2018-08-28 23:55:04.153550,22.7
2018-08-29 01:00:36.153550,22.1
2018-08-29 01:55:08.153551,19.4
2018-08-29 02:55:12.153551,18.1
2018-08-29 04:00:21.153552,18.3
2018-08-29 04:55:20.153552,18.7
2018-08-29 05:55:04.153552,18.8
2018-08-29 06:55:17.153553,18.7
2018-08-29 07:55:04.153553,19.1
2018-08-29 08:55:14.153553,20.3
2018-08-29 09:55:12.153554,21.3
2018-08-29 10:55:19.153554,21.6
2018-08-29 11:55:11.153554,20.9
2018-08-29 12:50:12.153555,18.2
2018-08-29 13:55:19.153555,18.1
2018-08-29 14:55:03.153555,17.9
2018-08-29 15:55:16.153556,18.2
2018-08-29 16:55:10.153556,18.8
2018-08-29 17:55:15.153557,18.6
2018-08-29 19:00:21.153557,18.1
2018-08-29 19:55:10.153557,17.9
2018-08-29 20:55:12.153558,17.7
2018-08-29 21:55:11.153558,17.6
2018-08-29 23:00:19.153558,17.2
2018-08-29 23:55:18.153559,16.8
2018-08-30 00:55:11.153559,16.5
2018-08-30 01:55:20.153559,16.7
2018-08-30 02:55:09.153560,16.6
2018-08-30 04:00:25.153560,16.4
2018-08-30 05:00:24.153561,16.1
2018-08-30 05:55:14.153561,16.2
2018-08-30 07:00:30.153561,16.5
2018-08-30 07:55:19.153562,17.3
2018-08-30 08:55:18.153562,18.5
2018-08-30 09:55:14.153562,19
2018-08-30 11:00:19.153563,19.6
2018-08-30 11:55:11.153563,20.1
2018-08-30 12:55:14.153563,20.7
2018-08-30 13:55:11.153564,20.3
2018-08-30 14:55:17.153564,19.9
2018-08-30 15:55:16.153564,20.2
2018-08-30 16:55:11.153565,20.3
2018-08-30 17:55:02.153565,20.4
2018-08-30 18:55:07.153566,20
2018-08-30 19:55:04.153566,19.9
2018-08-30 20:55:07.153566,19.2
2018-08-30 21:55:19.153567,18.6
2018-08-30 22:55:16.153567,18.1
2018-08-30 23:55:13.153567,17.8
2018-08-31 00:55:13.153568,17.7
2018-08-31 01:00:20.153568,17.6
2018-08-31 01:55:16.153568,17.5
2018-08-31 02:55:19.153568,17.1
2018-08-31 04:00:33.153569,16.9
2018-08-31 04:55:15.153569,16.5
2018-08-31 05:55:17.153569,16.6
2018-08-31 06:50:16.153570,17.1
2018-08-31 07:55:11.153570,18.6
2018-08-31 09:00:19.153571,19.5
2018-08-31 09:55:16.153571,19.3
2018-08-31 10:55:06.153571,20.4
2018-08-31 11:55:13.153572,20.3
2018-08-31 12:55:05.153572,20.9
2018-08-31 13:55:06.153572,22.1
2018-08-31 14:55:19.153573,21.7
2018-08-31 16:00:22.153573,21.7
2018-08-31 16:55:06.153573,21.6
2018-08-31 17:35:17.153574,21.3
2018-08-31 17:55:18.153574,21.1
2018-08-31 18:55:12.153574,20.3
2018-08-31 20:55:12.153575,19.3
2018-08-31 21:55:02.153575,18.7
2018-08-31 23:00:32.153576,18.2
2018-09-01 00:00:28.153576,17.6
2018-09-01 01:55:04.153577,16.2
2018-09-01 02:20:15.153577,16.1
2018-09-01 02:55:14.153577,15.7
2018-09-01 04:55:05.153578,14.7
2018-09-01 05:55:12.153578,14.8
2018-09-01 06:55:09.153578,15.3
2018-09-01 08:00:19.153579,16.6
2018-09-01 08:55:01.153579,18.3
2018-09-01 09:55:20.153580,19.5
2018-09-01 11:00:28.153580,20.9
2018-09-01 11:55:16.153580,21.3
2018-09-01 12:55:06.153581,21.8
2018-09-01 13:55:07.153581,22.4
2018-09-01 14:55:14.153581,22.6
2018-09-01 15:55:01.153582,22.4
2018-09-01 16:55:02.153582,22.4
2018-09-01 17:55:03.153582,21.8
2018-09-01 18:55:19.153583,21.1
2018-09-01 19:55:01.153583,20.6
2018-09-01 20:55:07.153584,19.8
2018-09-01 22:00:18.153584,19.2
2018-09-01 23:00:05.153584,18.4
2018-09-01 23:55:12.153585,17.6
2018-09-02 00:55:05.153585,16.7
2018-09-02 01:55:14.153585,16.3
2018-09-02 02:55:21.153586,15.4
2018-09-02 03:55:17.153586,14.9
2018-09-02 04:55:20.153586,14.6
2018-09-02 05:55:03.153587,14.2
2018-09-02 06:55:17.153587,14.4
2018-09-02 07:55:04.153587,15.8
2018-09-02 08:55:07.153588,17.7
2018-09-02 09:55:15.153588,19.4
2018-09-02 10:55:16.153589,20.6
2018-09-02 11:50:14.153589,22
2018-09-02 12:55:12.153589,22.6
2018-09-02 13:55:05.153590,23.1
2018-09-02 14:55:02.153590,23.8
2018-09-02 15:55:07.153590,23.8
2018-09-02 16:55:06.153591,24.1
2018-09-02 17:55:07.153591,23.4
2018-09-02 18:55:19.153591,22.6
2018-09-02 19:55:09.153592,21.8
2018-09-02 20:55:16.153592,21.3
2018-09-02 21:55:04.153593,20.5
2018-09-02 23:00:24.153593,19.4
2018-09-02 23:55:07.153593,18.8
2018-09-03 00:55:11.153594,18.3
2018-09-03 01:55:05.153594,17.8
2018-09-03 02:55:01.153594,17.4
2018-09-03 03:55:14.153595,16.7
2018-09-03 04:55:11.153595,16.4
2018-09-03 05:55:10.153595,16.7
2018-09-03 06:55:11.153596,17.2
2018-09-03 07:55:17.153596,17.6
2018-09-03 09:00:23.153597,19
2018-09-03 09:55:02.153597,20.3
2018-09-03 10:55:19.153597,21.5
2018-09-03 11:55:12.153598,22.9
2018-09-03 12:55:04.153598,23.7
2018-09-03 13:55:02.153598,23.4
2018-09-03 14:55:05.153599,23.7
2018-09-03 15:55:18.153599,23.3
2018-09-03 16:55:17.153599,22.9
2018-09-03 17:55:11.153600,22.3
